{"zs": [1, 2, 3, 4, 5, 6, 7, 8, 9, 10, 11, 12, 13, 14, 15, 16, 17, 18, 19, 20, 21, 22, 23, 24, 25, 26, 27, 28, 29, 30, 31, 32, 33, 34, 35, 36, 37, 38, 39, 40, 41, 42, 43, 44, 45, 46, 47, 48, 49, 50, 51, 52, 53, 54, 55, 56, 57, 58, 59, 60, 61, 62, 63, 64, 65, 66, 67, 68, 69, 70, 71, 72, 73, 74, 75, 76, 77, 78, 79, 80, 81, 82, 83, 89, 90, 91, 92, 93, 94], "atomic_energies": [0.0, -3.5813244459300857, -0.5054107791490505, -3.4252804440753573, -4.8280239609397615, -8.115429583670627, -8.349574188126766, -7.876900935974504, -7.426049410706424, -5.0342967688627205, -0.029288406668428024, -2.501768296474312, -2.217425930598555, -5.17289535091574, -8.107856702290826, -6.813345913885449, -4.7666480136443, -3.0725491813271715, -0.06279713466843617, -2.4424456538940533, -5.024845744383151, -8.162053093757525, -11.611199322678921, -8.78829811032746, -8.420474884949506, -8.045808644726417, -6.496755799235219, -5.190543861168331, -4.4149849625182505, -3.208812275471172, -1.3123267741978475, -3.568313850470853, -4.727832039244898, -4.238967401194712, -4.03806587383545, -2.8627437608230983, 6.887286061021448, -2.211839305063333, -4.472769744566804, -10.163666775012498, -11.78157952592284, -12.10747140621041, -8.77618185153154, -9.401284776313817, -7.643361611107735, -6.413413035134432, -4.969043969482847, -1.7921236553248026, -0.7047333790042634, -2.706222977470651, -3.8824813500789204, -3.4079596355654047, -2.8874969751399386, -1.9911419688190566, 9.93709193233409, -2.3554091928870378, -4.755651344519837, -8.811518618238608, -9.003323820452524, -7.836265495717189, -8.31989981379446, -5.996924909756739, -8.294887704339917, -12.050606906344095, -17.29147829141349, -7.730440349893905, -8.05179663779871, -8.240378181408186, -7.387855872105018, -8.497563269341335, -3.7628077722116786, -7.703364168440531, -12.731144339970253, -13.915825411819718, -9.276768376346979, -11.695784278017094, -9.630964538341203, -7.879217377659781, -5.462795567530615, -2.541240317718531, 0.29536656384558, -2.1976577059212055, -3.389862029005468, -3.1819323638736865, 0.0, 0.0, 0.0, 0.0, 0.0, -5.420016306374441, -10.076848679337182, -11.021992691786387, -14.529153347155216, -14.346096628643885, -15.376460207571137, 0.0, 0.0, 0.0, 0.0, 0.0]}